{
  "protocol": {
    "directional": true,
    "gallery": "all cached HDD evaluation segments except the query",
    "relevance": "same GPS cluster and same maneuver label",
    "uncertainty": "intersection-cluster bootstrap over query metrics"
  },
  "n_segments": 1687,
  "n_queries": 1673,
  "n_clusters": 50,
  "bot_full_gallery": {
    "map": {
      "mean": 0.2555970502146472,
      "cluster_ci": [
        0.21839555812939532,
        0.28771174208960154
      ]
    },
    "mrr": {
      "mean": 0.7655944508803291,
      "cluster_ci": [
        0.6629885224106563,
        0.8325000434015459
      ]
    }
  },
  "k_sweep": {
    "10": {
      "dtw_ops_per_query": 10,
      "bot": {
        "ap": {
          "mean": 0.12725211305601125,
          "cluster_ci": [
            0.1017189862316309,
            0.17676566171709984
          ]
        },
        "recall": {
          "mean": 0.1645980054146898,
          "cluster_ci": [
            0.128503697080224,
            0.23162360007714508
          ]
        },
        "mrr": {
          "mean": 0.7611298494293115,
          "cluster_ci": [
            0.6560615907752897,
            0.8298620348039284
          ]
        }
      },
      "dtw_rerank": {
        "ap": {
          "mean": 0.1088003482070517,
          "cluster_ci": [
            0.08999629210579342,
            0.14448170211385838
          ]
        },
        "recall": {
          "mean": 0.1645980054146898,
          "cluster_ci": [
            0.128503697080224,
            0.23162360007714508
          ]
        },
        "mrr": {
          "mean": 0.6998434520251616,
          "cluster_ci": [
            0.5797098572398744,
            0.7809129355170885
          ]
        }
      }
    },
    "25": {
      "dtw_ops_per_query": 25,
      "bot": {
        "ap": {
          "mean": 0.1560757214255117,
          "cluster_ci": [
            0.1328603890988172,
            0.1987958766498754
          ]
        },
        "recall": {
          "mean": 0.24463297439091017,
          "cluster_ci": [
            0.2015913643584707,
            0.32215658052638657
          ]
        },
        "mrr": {
          "mean": 0.7642984155925299,
          "cluster_ci": [
            0.6610551521516038,
            0.8317862983649865
          ]
        }
      },
      "dtw_rerank": {
        "ap": {
          "mean": 0.12630500536458547,
          "cluster_ci": [
            0.1119524971521968,
            0.1509718022031382
          ]
        },
        "recall": {
          "mean": 0.24463297439091017,
          "cluster_ci": [
            0.2015913643584707,
            0.32215658052638657
          ]
        },
        "mrr": {
          "mean": 0.682351755401748,
          "cluster_ci": [
            0.5609647064637456,
            0.7640561522610522
          ]
        }
      }
    },
    "50": {
      "dtw_ops_per_query": 50,
      "bot": {
        "ap": {
          "mean": 0.17576408054305465,
          "cluster_ci": [
            0.15474431596253066,
            0.2141114233559729
          ]
        },
        "recall": {
          "mean": 0.33124866976822437,
          "cluster_ci": [
            0.2778467591589799,
            0.42137087415696195
          ]
        },
        "mrr": {
          "mean": 0.7651729223093785,
          "cluster_ci": [
            0.6622514588829141,
            0.8323197858648181
          ]
        }
      },
      "dtw_rerank": {
        "ap": {
          "mean": 0.13605136674162288,
          "cluster_ci": [
            0.1237634457678462,
            0.15505330417574026
          ]
        },
        "recall": {
          "mean": 0.33124866976822437,
          "cluster_ci": [
            0.2778467591589799,
            0.42137087415696195
          ]
        },
        "mrr": {
          "mean": 0.6654302224924482,
          "cluster_ci": [
            0.5415732897691582,
            0.749532850169087
          ]
        }
      }
    },
    "100": {
      "dtw_ops_per_query": 100,
      "bot": {
        "ap": {
          "mean": 0.1955670587392603,
          "cluster_ci": [
            0.17513025203605168,
            0.22906959359280057
          ]
        },
        "recall": {
          "mean": 0.4447086734731831,
          "cluster_ci": [
            0.38087289243784694,
            0.5420576705397482
          ]
        },
        "mrr": {
          "mean": 0.7654332409366779,
          "cluster_ci": [
            0.6626640459372127,
            0.8324069716147875
          ]
        }
      },
      "dtw_rerank": {
        "ap": {
          "mean": 0.1437465056069719,
          "cluster_ci": [
            0.12977537926987281,
            0.16000699297338067
          ]
        },
        "recall": {
          "mean": 0.4447086734731831,
          "cluster_ci": [
            0.38087289243784694,
            0.5420576705397482
          ]
        },
        "mrr": {
          "mean": 0.6569842489952761,
          "cluster_ci": [
            0.5286977230421499,
            0.7425192375774832
          ]
        }
      }
    },
    "250": {
      "dtw_ops_per_query": 250,
      "bot": {
        "ap": {
          "mean": 0.22263154720285455,
          "cluster_ci": [
            0.19699057708190795,
            0.2528352916962305
          ]
        },
        "recall": {
          "mean": 0.651001125432297,
          "cluster_ci": [
            0.5775715272804471,
            0.7508781157500245
          ]
        },
        "mrr": {
          "mean": 0.7655734301230267,
          "cluster_ci": [
            0.6629620770177138,
            0.8324861578186113
          ]
        }
      },
      "dtw_rerank": {
        "ap": {
          "mean": 0.15594804006164575,
          "cluster_ci": [
            0.13342160620468593,
            0.1774686867601771
          ]
        },
        "recall": {
          "mean": 0.651001125432297,
          "cluster_ci": [
            0.5775715272804471,
            0.7508781157500245
          ]
        },
        "mrr": {
          "mean": 0.6453621922152541,
          "cluster_ci": [
            0.5165379536218503,
            0.7319847518384193
          ]
        }
      }
    }
  },
  "encoder_seq_dtw_full_gallery": {
    "map": {
      "mean": 0.17654973242512445,
      "cluster_ci": [
        0.1354184488237582,
        0.21203757786987018
      ]
    },
    "mrr": {
      "mean": 0.6399190886743813,
      "cluster_ci": [
        0.5089053960096963,
        0.7277417999155374
      ]
    }
  }
}