{
  "bag_of_frames": {
    "ap": 0.6130718333454248,
    "auc": 0.589419270175252,
    "n_pos": 483,
    "n_neg": 467,
    "same_mean": 0.6158937797120022,
    "diff_mean": 0.5515684155902847,
    "gap": 0.06432536412171752
  },
  "chamfer": {
    "ap": 0.6123971631726759,
    "auc": 0.5953245463533146,
    "n_pos": 483,
    "n_neg": 467,
    "same_mean": 0.5860154436396022,
    "diff_mean": 0.5224297201157222,
    "gap": 0.06358572352388003
  },
  "temporal_derivative": {
    "ap": 0.623031180512825,
    "auc": 0.5741551066008752,
    "n_pos": 483,
    "n_neg": 467,
    "same_mean": 0.4326590561842079,
    "diff_mean": 0.4183106067604375,
    "gap": 0.014348449423770393
  },
  "attention_trajectory": {
    "ap": 0.584259583710141,
    "auc": 0.5684315994342993,
    "n_pos": 483,
    "n_neg": 467,
    "same_mean": 0.11088493182159975,
    "diff_mean": 0.08900304867764357,
    "gap": 0.021881883143956185
  },
  "vjepa2_bag_of_tokens": {
    "ap": 0.7913818145617917,
    "auc": 0.7406422209513168,
    "n_pos": 483,
    "n_neg": 467,
    "same_mean": 0.921557238630133,
    "diff_mean": 0.8798799698562132,
    "gap": 0.04167726877391975
  },
  "vjepa2_encoder_seq_dtw": {
    "ap": 0.8667430111699571,
    "auc": 0.8397595328979743,
    "n_pos": 483,
    "n_neg": 467,
    "same_mean": 0.010375941576200922,
    "diff_mean": 0.004035683138878334,
    "gap": 0.0063402584373225875
  },
  "vjepa2_temporal_residual": {
    "ap": 0.8151706828524619,
    "auc": 0.7752315338201197,
    "n_pos": 483,
    "n_neg": 467,
    "same_mean": 0.005969188824936161,
    "diff_mean": 0.0024857836958954243,
    "gap": 0.003483405129040737
  }
}