{
  "1": {
    "bot_ap": 0.8391919716743771,
    "res_ap": 0.7045038842939002,
    "n_pairs": 11184
  },
  "2": {
    "bot_ap": 0.8385433478750959,
    "res_ap": 0.6712565107392408,
    "n_pairs": 11184
  },
  "4": {
    "bot_ap": 0.8391289437033553,
    "res_ap": 0.6673631094001352,
    "n_pairs": 11184
  },
  "8": {
    "bot_ap": 0.8385161238239736,
    "res_ap": 0.6591626579872156,
    "n_pairs": 11184
  },
  "16": {
    "bot_ap": 0.8398584890181936,
    "res_ap": 0.6514983866531581,
    "n_pairs": 11184
  }
}