{
  "config": {
    "k_values": [
      1,
      2,
      3,
      4,
      6,
      8,
      12,
      16
    ],
    "n_seeds": 10,
    "sample_rate": 10,
    "max_frames": 100,
    "skip_vjepa2": false
  },
  "results": {
    "1": {
      "bag_of_frames": {
        "mean": 0.9787691907690983,
        "std": 0.0,
        "aps": [
          0.9787691907690983
        ]
      },
      "chamfer": {
        "mean": 0.9891688721194111,
        "std": 0.0,
        "aps": [
          0.9891688721194111
        ]
      },
      "temporal_derivative": {
        "mean": 0.7747291233910927,
        "std": 0.0,
        "aps": [
          0.7747291233910927,
          0.7747291233910927,
          0.7747291233910927,
          0.7747291233910927,
          0.7747291233910927,
          0.7747291233910927,
          0.7747291233910927,
          0.7747291233910927,
          0.7747291233910927,
          0.7747291233910927
        ]
      },
      "attention_trajectory": {
        "mean": 0.7003186433715296,
        "std": 0.0,
        "aps": [
          0.7003186433715296,
          0.7003186433715296,
          0.7003186433715296,
          0.7003186433715296,
          0.7003186433715296,
          0.7003186433715296,
          0.7003186433715296,
          0.7003186433715296,
          0.7003186433715296,
          0.7003186433715296
        ]
      },
      "vjepa2_bag_of_tokens": {
        "mean": 0.8374737741784534,
        "std": 0.0,
        "aps": [
          0.8374737741784534
        ]
      },
      "vjepa2_temporal_residual": {
        "mean": 0.6975266575013632,
        "std": 0.0,
        "aps": [
          0.6975266575013632,
          0.6975266575013632,
          0.6975266575013632,
          0.6975266575013632,
          0.6975266575013632,
          0.6975266575013632,
          0.6975266575013632,
          0.6975266575013632,
          0.6975266575013632,
          0.6975266575013632
        ]
      }
    },
    "2": {
      "bag_of_frames": {
        "mean": 0.9787691036891795,
        "std": 0.0,
        "aps": [
          0.9787691036891795
        ]
      },
      "chamfer": {
        "mean": 0.9891687580488464,
        "std": 0.0,
        "aps": [
          0.9891687580488464
        ]
      },
      "temporal_derivative": {
        "mean": 0.7304017682482424,
        "std": 0.002596399868545011,
        "aps": [
          0.7300345314038575,
          0.7275294729566765,
          0.7276537434203827,
          0.7254843773845896,
          0.7326717379443718,
          0.7307978275520755,
          0.7343637640391623,
          0.7321797073238973,
          0.7316010483998139,
          0.7317014720575973
        ]
      },
      "attention_trajectory": {
        "mean": 0.636403300664578,
        "std": 0.005787822294317028,
        "aps": [
          0.6323980449591498,
          0.6346858409908406,
          0.6408353096824702,
          0.6245516226709388,
          0.641058709935221,
          0.6337664752058322,
          0.6425291087740103,
          0.6444810146398918,
          0.6380058226269751,
          0.6317210571604496
        ]
      },
      "vjepa2_bag_of_tokens": {
        "mean": 0.8374737741784534,
        "std": 0.0,
        "aps": [
          0.8374737741784534
        ]
      },
      "vjepa2_temporal_residual": {
        "mean": 0.5968734013521464,
        "std": 0.009307175357227604,
        "aps": [
          0.5848253230528656,
          0.5889380261947192,
          0.6012551284158072,
          0.5917806903907992,
          0.59688746622032,
          0.6025260997692437,
          0.6141028064273052,
          0.5836130391747867,
          0.6072598797663211,
          0.597545554109296
        ]
      }
    },
    "3": {
      "bag_of_frames": {
        "mean": 0.9787691050434587,
        "std": 0.0,
        "aps": [
          0.9787691050434587
        ]
      },
      "chamfer": {
        "mean": 0.9891687222343722,
        "std": 0.0,
        "aps": [
          0.9891687222343722
        ]
      },
      "temporal_derivative": {
        "mean": 0.7334423869169868,
        "std": 0.002114519992945217,
        "aps": [
          0.734621489269927,
          0.7381168768317634,
          0.7318285172333392,
          0.734444732423496,
          0.7343941403225436,
          0.7330404618103971,
          0.7340356100800363,
          0.7326632300416397,
          0.7303926754118266,
          0.7308861357448999
        ]
      },
      "attention_trajectory": {
        "mean": 0.6257466074636557,
        "std": 0.0048122460958586015,
        "aps": [
          0.6251719283738868,
          0.6303489791809226,
          0.6232446683772526,
          0.6221310199402268,
          0.62031184393968,
          0.6256611509395378,
          0.636745493434291,
          0.6294723751571433,
          0.6214740062398845,
          0.6229046090537327
        ]
      },
      "vjepa2_bag_of_tokens": {
        "mean": 0.8374737741784534,
        "std": 0.0,
        "aps": [
          0.8374737741784534
        ]
      },
      "vjepa2_temporal_residual": {
        "mean": 0.628291723257971,
        "std": 0.009803986020899144,
        "aps": [
          0.6325813253275476,
          0.6257778698738731,
          0.623508218832562,
          0.6250427034207001,
          0.6181605154051241,
          0.6231134047339962,
          0.6484979649961116,
          0.6413964690405975,
          0.6303115122431802,
          0.6145272487060176
        ]
      }
    },
    "4": {
      "bag_of_frames": {
        "mean": 0.9787690903695889,
        "std": 0.0,
        "aps": [
          0.9787690903695889
        ]
      },
      "chamfer": {
        "mean": 0.9891687181232248,
        "std": 0.0,
        "aps": [
          0.9891687181232248
        ]
      },
      "temporal_derivative": {
        "mean": 0.7303434678638212,
        "std": 0.0034678937909868334,
        "aps": [
          0.7266765269625761,
          0.7286737125076971,
          0.7347306013423018,
          0.7319069930742563,
          0.7310182029042809,
          0.7266544825302967,
          0.7316292010285517,
          0.7287519892232415,
          0.7261998636942129,
          0.7371931053707964
        ]
      },
      "attention_trajectory": {
        "mean": 0.6175573717965542,
        "std": 0.003597031021109574,
        "aps": [
          0.6184795576064215,
          0.617223972312956,
          0.6257589966527723,
          0.6161466605256216,
          0.618039382082355,
          0.6145288879098552,
          0.6152872871612475,
          0.6116912336331017,
          0.617668710870163,
          0.6207490292110484
        ]
      },
      "vjepa2_bag_of_tokens": {
        "mean": 0.8374737741784534,
        "std": 0.0,
        "aps": [
          0.8374737741784534
        ]
      },
      "vjepa2_temporal_residual": {
        "mean": 0.6138855771456502,
        "std": 0.010085704718831214,
        "aps": [
          0.6093388766502005,
          0.6115272681151789,
          0.6224631850987166,
          0.6190063157669585,
          0.5954259334622538,
          0.6196967337713677,
          0.6104660337598827,
          0.5992641035509103,
          0.6241512790019234,
          0.62751604227911
        ]
      }
    },
    "6": {
      "bag_of_frames": {
        "mean": 0.9787690580529009,
        "std": 0.0,
        "aps": [
          0.9787690580529009
        ]
      },
      "chamfer": {
        "mean": 0.9891687029385893,
        "std": 0.0,
        "aps": [
          0.9891687029385893
        ]
      },
      "temporal_derivative": {
        "mean": 0.7257340237968669,
        "std": 0.0022653551874669293,